{
  "type": "FeatureCollection",
  "features": [
    {
      "type": "Feature",
      "geometry": {
        "type": "MultiPolygon",
        "coordinates": [
          [
            [
              [
                -2.181908,
                37.898818
              ],
              [
                -2.172012,
                37.888689
              ],
              [
                -2.123204,
                37.900552
              ],
              [
                -2.100385,
                37.877198
              ],
              [
                -2.021816,
                37.868223
              ],
              [
                -1.994702,
                37.880477
              ],
              [
                -1.974502,
                37.868469
              ],
              [
                -1.995645,
                37.840235
              ],
              [
                -2.008836,
                37.774951
              ],
              [
                -1.995832,
                37.728047
              ],
              [
                -2.012651,
                37.700601
              ],
              [
                -2.011814,
                37.672248
              ],
              [
                -1.976807,
                37.618728
              ],
              [
                -1.845261,
                37.454827
              ],
              [
                -1.808946,
                37.433474
              ],
              [
                -1.811756,
                37.451556
              ],
              [
                -1.737075,
                37.442633
              ],
              [
                -1.630124,
                37.375231
              ],
              [
                -1.677081,
                37.352845
              ],
              [
                -1.689015,
                37.339242
              ],
              [
                -1.708299,
                37.304113
              ],
              [
                -1.758812,
                37.263083
              ],
              [
                -1.773482,
                37.245849
              ],
              [
                -1.774776,
                37.243186
              ],
              [
                -1.775175,
                37.239485
              ],
              [
                -1.797564,
                37.229611
              ],
              [
                -1.849476,
                37.068349
              ],
              [
                -1.900761,
                36.987757
              ],
              [
                -1.903742,
                36.93737
              ],
              [
                -1.940529,
                36.936523
              ],
              [
                -1.967302,
                36.898863
              ],
              [
                -1.992083,
                36.89373
              ],
              [
                -1.999607,
                36.840024
              ],
              [
                -2.060022,
                36.809723
              ],
              [
                -2.060413,
                36.77768
              ],
              [
                -2.106196,
                36.762653
              ],
              [
                -2.12428,
                36.732003
              ],
              [
                -2.184198,
                36.719249
              ],
              [
                -2.29123,
                36.820069
              ],
              [
                -2.361433,
                36.841598
              ],
              [
                -2.426547,
                36.81074
              ],
              [
                -2.475125,
                36.837026
              ],
              [
                -2.464122,
                36.825853
              ],
              [
                -2.481953,
                36.835577
              ],
              [
                -2.561925,
                36.816131
              ],
              [
                -2.619649,
                36.726958
              ],
              [
                -2.70033,
                36.682999
              ],
              [
                -2.771542,
                36.681427
              ],
              [
                -2.815603,
                36.706294
              ],
              [
                -2.849482,
                36.695471
              ],
              [
                -2.925371,
                36.751699
              ],
              [
                -2.977681,
                36.738327
              ],
              [
                -3.128683,
                36.750871
              ],
              [
                -3.140187,
                36.787791
              ],
              [
                -3.029007,
                36.844441
              ],
              [
                -3.071934,
                36.919287
              ],
              [
                -3.031316,
                36.924586
              ],
              [
                -3.029337,
                36.947527
              ],
              [
                -2.990498,
                36.958185
              ],
              [
                -2.976215,
                36.978122
              ],
              [
                -3.005711,
                37.023341
              ],
              [
                -3.029577,
                37.113254
              ],
              [
                -3.000256,
                37.094977
              ],
              [
                -2.948964,
                37.096552
              ],
              [
                -2.929146,
                37.156566
              ],
              [
                -2.880986,
                37.187103
              ],
              [
                -2.874963,
                37.231455
              ],
              [
                -2.845385,
                37.279221
              ],
              [
                -2.779004,
                37.262656
              ],
              [
                -2.759033,
                37.226714
              ],
              [
                -2.733023,
                37.237321
              ],
              [
                -2.660115,
                37.211994
              ],
              [
                -2.665651,
                37.285329
              ],
              [
                -2.654601,
                37.340607
              ],
              [
                -2.637292,
                37.343331
              ],
              [
                -2.641641,
                37.387792
              ],
              [
                -2.514154,
                37.479528
              ],
              [
                -2.457522,
                37.490827
              ],
              [
                -2.456323,
                37.509426
              ],
              [
                -2.358511,
                37.522293
              ],
              [
                -2.355729,
                37.546993
              ],
              [
                -2.374298,
                37.55735
              ],
              [
                -2.367896,
                37.591576
              ],
              [
                -2.39127,
                37.632485
              ],
              [
                -2.359565,
                37.621266
              ],
              [
                -2.308937,
                37.633428
              ],
              [
                -2.323339,
                37.693874
              ],
              [
                -2.276785,
                37.776219
              ],
              [
                -2.301775,
                37.808284
              ],
              [
                -2.289387,
                37.83148
              ],
              [
                -2.29495,
                37.876316
              ],
              [
                -2.207673,
                37.91657
              ],
              [
                -2.181908,
                37.898818
              ]
            ],
            [
              [
                -1.819722,
                37.177762
              ],
              [
                -1.819609,
                37.178527
              ],
              [
                -1.819538,
                37.178734
              ],
              [
                -1.819863,
                37.178133
              ],
              [
                -1.819722,
                37.177762
              ]
            ],
            [
              [
                -1.820263,
                37.174856
              ],
              [
                -1.820126,
                37.175702
              ],
              [
                -1.820136,
                37.175801
              ],
              [
                -1.820347,
                37.17528
              ],
              [
                -1.820263,
                37.174856
              ]
            ],
            [
              [
                -2.567032,
                36.811128
              ],
              [
                -2.566671,
                36.811452
              ],
              [
                -2.566479,
                36.811676
              ],
              [
                -2.567268,
                36.811012
              ],
              [
                -2.567032,
                36.811128
              ]
            ],
            [
              [
                -1.718278,
                37.296515
              ],
              [
                -1.718309,
                37.296705
              ],
              [
                -1.718615,
                37.296582
              ],
              [
                -1.718526,
                37.2965
              ],
              [
                -1.718278,
                37.296515
              ]
            ],
            [
              [
                -2.174759,
                36.722366
              ],
              [
                -2.174957,
                36.722665
              ],
              [
                -2.175092,
                36.72263
              ],
              [
                -2.174939,
                36.722322
              ],
              [
                -2.174759,
                36.722366
              ]
            ],
            [
              [
                -1.71914,
                37.296263
              ],
              [
                -1.719048,
                37.296343
              ],
              [
                -1.719058,
                37.296415
              ],
              [
                -1.719297,
                37.296319
              ],
              [
                -1.71914,
                37.296263
              ]
            ],
            [
              [
                -1.720572,
                37.295638
              ],
              [
                -1.720604,
                37.295729
              ],
              [
                -1.720808,
                37.295704
              ],
              [
                -1.720674,
                37.295604
              ],
              [
                -1.720572,
                37.295638
              ]
            ],
            [
              [
                -1.709052,
                37.303625
              ],
              [
                -1.709174,
                37.303708
              ],
              [
                -1.709243,
                37.303664
              ],
              [
                -1.709177,
                37.303573
              ],
              [
                -1.709052,
                37.303625
              ]
            ],
            [
              [
                -1.719397,
                37.296383
              ],
              [
                -1.719532,
                37.296411
              ],
              [
                -1.719545,
                37.296312
              ],
              [
                -1.719443,
                37.296311
              ],
              [
                -1.719397,
                37.296383
              ]
            ],
            [
              [
                -1.717794,
                37.297096
              ],
              [
                -1.717793,
                37.297159
              ],
              [
                -1.717906,
                37.29716
              ],
              [
                -1.717919,
                37.297088
              ],
              [
                -1.717794,
                37.297096
              ]
            ],
            [
              [
                -1.719288,
                37.296147
              ],
              [
                -1.719343,
                37.296229
              ],
              [
                -1.719401,
                37.296158
              ],
              [
                -1.719334,
                37.29613
              ],
              [
                -1.719288,
                37.296147
              ]
            ]
          ],
          [
            [
              [
                -3.034541,
                35.938103
              ],
              [
                -3.037492,
                35.938938
              ],
              [
                -3.031083,
                35.941429
              ],
              [
                -3.033687,
                35.93985
              ],
              [
                -3.034541,
                35.938103
              ]
            ]
          ],
          [
            [
              [
                -1.885714,
                36.993259
              ],
              [
                -1.885268,
                36.992994
              ],
              [
                -1.885046,
                36.992063
              ],
              [
                -1.886298,
                36.992498
              ],
              [
                -1.885714,
                36.993259
              ]
            ]
          ],
          [
            [
              [
                -1.651364,
                37.347048
              ],
              [
                -1.651797,
                37.346827
              ],
              [
                -1.653012,
                37.347049
              ],
              [
                -1.652163,
                37.347805
              ],
              [
                -1.651364,
                37.347048
              ]
            ]
          ],
          [
            [
              [
                -1.647838,
                37.359824
              ],
              [
                -1.64831,
                37.359325
              ],
              [
                -1.649077,
                37.359334
              ],
              [
                -1.648957,
                37.359738
              ],
              [
                -1.647838,
                37.359824
              ]
            ]
          ],
          [
            [
              [
                -2.048917,
                36.812087
              ],
              [
                -2.049098,
                36.811971
              ],
              [
                -2.049597,
                36.812426
              ],
              [
                -2.049044,
                36.812674
              ],
              [
                -2.048917,
                36.812087
              ]
            ]
          ],
          [
            [
              [
                -2.193768,
                36.721793
              ],
              [
                -2.194034,
                36.722084
              ],
              [
                -2.193886,
                36.722344
              ],
              [
                -2.193574,
                36.722225
              ],
              [
                -2.193768,
                36.721793
              ]
            ]
          ],
          [
            [
              [
                -2.19075,
                36.720267
              ],
              [
                -2.191027,
                36.72054
              ],
              [
                -2.190687,
                36.72088
              ],
              [
                -2.190622,
                36.720721
              ],
              [
                -2.19075,
                36.720267
              ]
            ]
          ],
          [
            [
              [
                -2.002333,
                36.836459
              ],
              [
                -2.002738,
                36.836408
              ],
              [
                -2.00288,
                36.836671
              ],
              [
                -2.002465,
                36.836712
              ],
              [
                -2.002333,
                36.836459
              ]
            ]
          ],
          [
            [
              [
                -1.69978,
                37.317215
              ],
              [
                -1.70013,
                37.317228
              ],
              [
                -1.700195,
                37.317355
              ],
              [
                -1.699832,
                37.317459
              ],
              [
                -1.69978,
                37.317215
              ]
            ]
          ],
          [
            [
              [
                -1.697703,
                37.321843
              ],
              [
                -1.697825,
                37.321917
              ],
              [
                -1.69758,
                37.32241
              ],
              [
                -1.697553,
                37.322013
              ],
              [
                -1.697703,
                37.321843
              ]
            ]
          ],
          [
            [
              [
                -1.712615,
                37.299779
              ],
              [
                -1.712784,
                37.299808
              ],
              [
                -1.712599,
                37.300086
              ],
              [
                -1.712454,
                37.299967
              ],
              [
                -1.712615,
                37.299779
              ]
            ]
          ],
          [
            [
              [
                -3.029985,
                35.942052
              ],
              [
                -3.030274,
                35.94198
              ],
              [
                -3.030362,
                35.942016
              ],
              [
                -3.030174,
                35.942251
              ],
              [
                -3.029985,
                35.942052
              ]
            ]
          ],
          [
            [
              [
                -1.723777,
                37.290211
              ],
              [
                -1.724015,
                37.290177
              ],
              [
                -1.724069,
                37.290286
              ],
              [
                -1.723841,
                37.290473
              ],
              [
                -1.723777,
                37.290211
              ]
            ]
          ],
          [
            [
              [
                -1.773201,
                37.245107
              ],
              [
                -1.77337,
                37.245073
              ],
              [
                -1.773502,
                37.245291
              ],
              [
                -1.773276,
                37.245351
              ],
              [
                -1.773201,
                37.245107
              ]
            ]
          ],
          [
            [
              [
                -2.191043,
                36.720035
              ],
              [
                -2.1912,
                36.72
              ],
              [
                -2.191289,
                36.720127
              ],
              [
                -2.191008,
                36.720215
              ],
              [
                -2.191043,
                36.720035
              ]
            ]
          ],
          [
            [
              [
                -1.725169,
                37.288622
              ],
              [
                -1.725294,
                37.288569
              ],
              [
                -1.72545,
                37.288697
              ],
              [
                -1.725312,
                37.288839
              ],
              [
                -1.725169,
                37.288622
              ]
            ]
          ],
          [
            [
              [
                -1.698884,
                37.320081
              ],
              [
                -1.699122,
                37.320029
              ],
              [
                -1.699166,
                37.32012
              ],
              [
                -1.699017,
                37.320235
              ],
              [
                -1.698884,
                37.320081
              ]
            ]
          ],
          [
            [
              [
                -1.772879,
                37.244797
              ],
              [
                -1.77307,
                37.244808
              ],
              [
                -1.772751,
                37.24503
              ],
              [
                -1.772752,
                37.244958
              ],
              [
                -1.772879,
                37.244797
              ]
            ]
          ],
          [
            [
              [
                -1.773853,
                37.243798
              ],
              [
                -1.773696,
                37.24376
              ],
              [
                -1.773755,
                37.243581
              ],
              [
                -1.773957,
                37.243646
              ],
              [
                -1.773853,
                37.243798
              ]
            ]
          ],
          [
            [
              [
                -1.773269,
                37.244342
              ],
              [
                -1.773519,
                37.244254
              ],
              [
                -1.773574,
                37.244327
              ],
              [
                -1.773313,
                37.24445
              ],
              [
                -1.773269,
                37.244342
              ]
            ]
          ],
          [
            [
              [
                -1.723215,
                37.290764
              ],
              [
                -1.723372,
                37.29082
              ],
              [
                -1.723166,
                37.290998
              ],
              [
                -1.723146,
                37.290853
              ],
              [
                -1.723215,
                37.290764
              ]
            ]
          ],
          [
            [
              [
                -1.698281,
                37.321669
              ],
              [
                -1.698395,
                37.321635
              ],
              [
                -1.698414,
                37.321833
              ],
              [
                -1.698222,
                37.321813
              ],
              [
                -1.698281,
                37.321669
              ]
            ]
          ],
          [
            [
              [
                -1.769322,
                37.248564
              ],
              [
                -1.769435,
                37.248529
              ],
              [
                -1.769524,
                37.248638
              ],
              [
                -1.769331,
                37.248718
              ],
              [
                -1.769322,
                37.248564
              ]
            ]
          ],
          [
            [
              [
                -1.698746,
                37.32025
              ],
              [
                -1.69887,
                37.320243
              ],
              [
                -1.698935,
                37.320424
              ],
              [
                -1.698766,
                37.320413
              ],
              [
                -1.698746,
                37.32025
              ]
            ]
          ],
          [
            [
              [
                -1.773278,
                37.244522
              ],
              [
                -1.773391,
                37.244496
              ],
              [
                -1.773503,
                37.244534
              ],
              [
                -1.773241,
                37.244684
              ],
              [
                -1.773278,
                37.244522
              ]
            ]
          ],
          [
            [
              [
                -1.699507,
                37.317356
              ],
              [
                -1.699733,
                37.317332
              ],
              [
                -1.699718,
                37.317512
              ],
              [
                -1.699651,
                37.31752
              ],
              [
                -1.699507,
                37.317356
              ]
            ]
          ],
          [
            [
              [
                -1.698419,
                37.320229
              ],
              [
                -1.698656,
                37.320213
              ],
              [
                -1.698655,
                37.320276
              ],
              [
                -1.698394,
                37.320346
              ],
              [
                -1.698419,
                37.320229
              ]
            ]
          ],
          [
            [
              [
                -1.765922,
                37.251729
              ],
              [
                -1.765696,
                37.251717
              ],
              [
                -1.765722,
                37.251546
              ],
              [
                -1.765957,
                37.25163
              ],
              [
                -1.765922,
                37.251729
              ]
            ]
          ],
          [
            [
              [
                -1.697152,
                37.323036
              ],
              [
                -1.697064,
                37.322864
              ],
              [
                -1.697189,
                37.322829
              ],
              [
                -1.697288,
                37.323001
              ],
              [
                -1.697152,
                37.323036
              ]
            ]
          ],
          [
            [
              [
                -1.763798,
                37.254041
              ],
              [
                -1.763991,
                37.253953
              ],
              [
                -1.764036,
                37.253971
              ],
              [
                -1.763626,
                37.254219
              ],
              [
                -1.763798,
                37.254041
              ]
            ]
          ],
          [
            [
              [
                -1.698795,
                37.319386
              ],
              [
                -1.698875,
                37.319296
              ],
              [
                -1.699054,
                37.319397
              ],
              [
                -1.698895,
                37.319423
              ],
              [
                -1.698795,
                37.319386
              ]
            ]
          ],
          [
            [
              [
                -1.704188,
                37.310891
              ],
              [
                -1.704311,
                37.310956
              ],
              [
                -1.704118,
                37.311062
              ],
              [
                -1.70413,
                37.31099
              ],
              [
                -1.704188,
                37.310891
              ]
            ]
          ],
          [
            [
              [
                -1.744596,
                37.272299
              ],
              [
                -1.744665,
                37.272182
              ],
              [
                -1.744721,
                37.272201
              ],
              [
                -1.744548,
                37.272424
              ],
              [
                -1.744596,
                37.272299
              ]
            ]
          ],
          [
            [
              [
                -1.768973,
                37.249255
              ],
              [
                -1.769075,
                37.249202
              ],
              [
                -1.769131,
                37.24922
              ],
              [
                -1.768925,
                37.249407
              ],
              [
                -1.768973,
                37.249255
              ]
            ]
          ],
          [
            [
              [
                -1.703946,
                37.311195
              ],
              [
                -1.704003,
                37.311169
              ],
              [
                -1.704113,
                37.311314
              ],
              [
                -1.703966,
                37.311321
              ],
              [
                -1.703946,
                37.311195
              ]
            ]
          ],
          [
            [
              [
                -1.763801,
                37.253816
              ],
              [
                -1.763937,
                37.253808
              ],
              [
                -1.763675,
                37.253959
              ],
              [
                -1.76371,
                37.253878
              ],
              [
                -1.763801,
                37.253816
              ]
            ]
          ],
          [
            [
              [
                -1.750606,
                37.266242
              ],
              [
                -1.750719,
                37.266234
              ],
              [
                -1.750774,
                37.266316
              ],
              [
                -1.750716,
                37.266378
              ],
              [
                -1.750606,
                37.266242
              ]
            ]
          ],
          [
            [
              [
                -1.741361,
                37.275536
              ],
              [
                -1.741485,
                37.275528
              ],
              [
                -1.741516,
                37.275682
              ],
              [
                -1.741404,
                37.275681
              ],
              [
                -1.741361,
                37.275536
              ]
            ]
          ],
          [
            [
              [
                -1.739216,
                37.278334
              ],
              [
                -1.739283,
                37.278389
              ],
              [
                -1.739,
                37.278449
              ],
              [
                -1.739125,
                37.278406
              ],
              [
                -1.739216,
                37.278334
              ]
            ]
          ],
          [
            [
              [
                -1.773966,
                37.243799
              ],
              [
                -1.774056,
                37.243827
              ],
              [
                -1.773919,
                37.243934
              ],
              [
                -1.773875,
                37.243861
              ],
              [
                -1.773966,
                37.243799
              ]
            ]
          ],
          [
            [
              [
                -1.722432,
                37.291702
              ],
              [
                -1.722512,
                37.29163
              ],
              [
                -1.722625,
                37.291641
              ],
              [
                -1.722612,
                37.291722
              ],
              [
                -1.722432,
                37.291702
              ]
            ]
          ],
          [
            [
              [
                -1.723645,
                37.290056
              ],
              [
                -1.72378,
                37.290049
              ],
              [
                -1.723756,
                37.290139
              ],
              [
                -1.723609,
                37.290164
              ],
              [
                -1.723645,
                37.290056
              ]
            ]
          ],
          [
            [
              [
                -1.77295,
                37.245258
              ],
              [
                -1.772929,
                37.245195
              ],
              [
                -1.773142,
                37.24526
              ],
              [
                -1.773051,
                37.245313
              ],
              [
                -1.77295,
                37.245258
              ]
            ]
          ],
          [
            [
              [
                -1.725056,
                37.289332
              ],
              [
                -1.725146,
                37.289297
              ],
              [
                -1.725144,
                37.28946
              ],
              [
                -1.725088,
                37.289432
              ],
              [
                -1.725056,
                37.289332
              ]
            ]
          ],
          [
            [
              [
                -1.765277,
                37.251848
              ],
              [
                -1.765357,
                37.251804
              ],
              [
                -1.7654,
                37.251894
              ],
              [
                -1.765175,
                37.251892
              ],
              [
                -1.765277,
                37.251848
              ]
            ]
          ],
          [
            [
              [
                -1.769494,
                37.247683
              ],
              [
                -1.769507,
                37.247602
              ],
              [
                -1.769619,
                37.247612
              ],
              [
                -1.769629,
                37.247711
              ],
              [
                -1.769494,
                37.247683
              ]
            ]
          ],
          [
            [
              [
                -1.723376,
                37.290594
              ],
              [
                -1.723411,
                37.290522
              ],
              [
                -1.723513,
                37.290524
              ],
              [
                -1.7235,
                37.290614
              ],
              [
                -1.723397,
                37.290667
              ],
              [
                -1.723376,
                37.290594
              ]
            ]
          ],
          [
            [
              [
                -1.732145,
                37.283009
              ],
              [
                -1.732225,
                37.282947
              ],
              [
                -1.732281,
                37.282965
              ],
              [
                -1.732256,
                37.283073
              ],
              [
                -1.732145,
                37.283009
              ]
            ]
          ],
          [
            [
              [
                -1.764487,
                37.253255
              ],
              [
                -1.764578,
                37.253202
              ],
              [
                -1.76468,
                37.253212
              ],
              [
                -1.764497,
                37.253318
              ],
              [
                -1.764487,
                37.253255
              ]
            ]
          ],
          [
            [
              [
                -1.763108,
                37.254854
              ],
              [
                -1.763188,
                37.254792
              ],
              [
                -1.763301,
                37.254793
              ],
              [
                -1.76314,
                37.254935
              ],
              [
                -1.763108,
                37.254854
              ]
            ]
          ],
          [
            [
              [
                -1.697869,
                37.322025
              ],
              [
                -1.697971,
                37.321963
              ],
              [
                -1.698016,
                37.321991
              ],
              [
                -1.697844,
                37.322133
              ],
              [
                -1.697869,
                37.322025
              ]
            ]
          ],
          [
            [
              [
                -1.728485,
                37.286683
              ],
              [
                -1.72852,
                37.286612
              ],
              [
                -1.728584,
                37.286793
              ],
              [
                -1.728528,
                37.286801
              ],
              [
                -1.728485,
                37.286683
              ]
            ]
          ],
          [
            [
              [
                -1.731977,
                37.282908
              ],
              [
                -1.732091,
                37.282873
              ],
              [
                -1.732203,
                37.282892
              ],
              [
                -1.731976,
                37.282962
              ],
              [
                -1.731977,
                37.282908
              ]
            ]
          ],
          [
            [
              [
                -1.72393,
                37.289843
              ],
              [
                -1.724043,
                37.289817
              ],
              [
                -1.724042,
                37.289916
              ],
              [
                -1.723985,
                37.289961
              ],
              [
                -1.72393,
                37.289843
              ]
            ]
          ],
          [
            [
              [
                -1.699515,
                37.319493
              ],
              [
                -1.699639,
                37.319503
              ],
              [
                -1.699626,
                37.319602
              ],
              [
                -1.699592,
                37.319611
              ],
              [
                -1.699515,
                37.319493
              ]
            ]
          ],
          [
            [
              [
                -1.696621,
                37.325031
              ],
              [
                -1.696667,
                37.324932
              ],
              [
                -1.696745,
                37.324987
              ],
              [
                -1.696721,
                37.325086
              ],
              [
                -1.696621,
                37.325031
              ]
            ]
          ],
          [
            [
              [
                -1.761371,
                37.256972
              ],
              [
                -1.761472,
                37.256991
              ],
              [
                -1.761346,
                37.257089
              ],
              [
                -1.761302,
                37.257043
              ],
              [
                -1.761371,
                37.256972
              ]
            ]
          ],
          [
            [
              [
                -1.699668,
                37.317809
              ],
              [
                -1.699781,
                37.317792
              ],
              [
                -1.699746,
                37.317891
              ],
              [
                -1.699668,
                37.317809
              ]
            ]
          ],
          [
            [
              [
                -1.763031,
                37.254727
              ],
              [
                -1.763099,
                37.254701
              ],
              [
                -1.763132,
                37.254737
              ],
              [
                -1.762962,
                37.254798
              ],
              [
                -1.763031,
                37.254727
              ]
            ]
          ],
          [
            [
              [
                -1.765692,
                37.251961
              ],
              [
                -1.765727,
                37.251889
              ],
              [
                -1.765885,
                37.251927
              ],
              [
                -1.765782,
                37.25198
              ],
              [
                -1.765692,
                37.251961
              ]
            ]
          ],
          [
            [
              [
                -1.745591,
                37.271471
              ],
              [
                -1.745693,
                37.271427
              ],
              [
                -1.745715,
                37.271454
              ],
              [
                -1.745511,
                37.271533
              ],
              [
                -1.745591,
                37.271471
              ]
            ]
          ],
          [
            [
              [
                -1.698579,
                37.320762
              ],
              [
                -1.69867,
                37.320736
              ],
              [
                -1.698691,
                37.320809
              ],
              [
                -1.698589,
                37.320844
              ],
              [
                -1.698579,
                37.320762
              ]
            ]
          ],
          [
            [
              [
                -1.730453,
                37.283676
              ],
              [
                -1.730521,
                37.283632
              ],
              [
                -1.730588,
                37.283668
              ],
              [
                -1.730542,
                37.283722
              ],
              [
                -1.730453,
                37.283676
              ]
            ]
          ],
          [
            [
              [
                -1.764968,
                37.252818
              ],
              [
                -1.76507,
                37.252756
              ],
              [
                -1.765149,
                37.252793
              ],
              [
                -1.765069,
                37.252846
              ],
              [
                -1.764968,
                37.252818
              ]
            ]
          ],
          [
            [
              [
                -1.698537,
                37.319933
              ],
              [
                -1.69865,
                37.319916
              ],
              [
                -1.698581,
                37.320014
              ],
              [
                -1.698537,
                37.319933
              ]
            ]
          ],
          [
            [
              [
                -1.713267,
                37.299913
              ],
              [
                -1.713347,
                37.299869
              ],
              [
                -1.713391,
                37.299932
              ],
              [
                -1.7133,
                37.299976
              ],
              [
                -1.713267,
                37.299913
              ]
            ]
          ],
          [
            [
              [
                -1.699593,
                37.318881
              ],
              [
                -1.699729,
                37.318873
              ],
              [
                -1.699728,
                37.318918
              ],
              [
                -1.699615,
                37.318944
              ],
              [
                -1.699593,
                37.318881
              ]
            ]
          ],
          [
            [
              [
                -1.769662,
                37.248469
              ],
              [
                -1.769696,
                37.248424
              ],
              [
                -1.769763,
                37.248497
              ],
              [
                -1.769694,
                37.248559
              ],
              [
                -1.769662,
                37.248469
              ]
            ]
          ],
          [
            [
              [
                -1.77324,
                37.245441
              ],
              [
                -1.77332,
                37.245397
              ],
              [
                -1.773387,
                37.245452
              ],
              [
                -1.773341,
                37.245496
              ],
              [
                -1.77324,
                37.245441
              ]
            ]
          ],
          [
            [
              [
                -1.707541,
                37.304213
              ],
              [
                -1.707643,
                37.304205
              ],
              [
                -1.707653,
                37.304277
              ],
              [
                -1.707585,
                37.304294
              ],
              [
                -1.707541,
                37.304213
              ]
            ]
          ],
          [
            [
              [
                -1.703138,
                37.312259
              ],
              [
                -1.703206,
                37.31225
              ],
              [
                -1.703227,
                37.312314
              ],
              [
                -1.703159,
                37.31234
              ],
              [
                -1.703138,
                37.312259
              ]
            ]
          ],
          [
            [
              [
                -1.723183,
                37.290655
              ],
              [
                -1.723218,
                37.290593
              ],
              [
                -1.723319,
                37.290621
              ],
              [
                -1.72325,
                37.290683
              ],
              [
                -1.723183,
                37.290655
              ]
            ]
          ],
          [
            [
              [
                -1.697415,
                37.322841
              ],
              [
                -1.697394,
                37.322741
              ],
              [
                -1.697461,
                37.322751
              ],
              [
                -1.697415,
                37.322841
              ]
            ]
          ],
          [
            [
              [
                -1.704328,
                37.310649
              ],
              [
                -1.704407,
                37.310641
              ],
              [
                -1.704405,
                37.310731
              ],
              [
                -1.704349,
                37.310731
              ],
              [
                -1.704328,
                37.310649
              ]
            ]
          ],
          [
            [
              [
                -1.701282,
                37.315177
              ],
              [
                -1.701407,
                37.315142
              ],
              [
                -1.701429,
                37.315178
              ],
              [
                -1.701372,
                37.315205
              ],
              [
                -1.701282,
                37.315177
              ]
            ]
          ],
          [
            [
              [
                -1.765124,
                37.25227
              ],
              [
                -1.765225,
                37.252244
              ],
              [
                -1.765247,
                37.252289
              ],
              [
                -1.765168,
                37.252325
              ],
              [
                -1.765124,
                37.25227
              ]
            ]
          ],
          [
            [
              [
                -1.707319,
                37.304688
              ],
              [
                -1.707353,
                37.304643
              ],
              [
                -1.707443,
                37.304653
              ],
              [
                -1.707397,
                37.304716
              ],
              [
                -1.707319,
                37.304688
              ]
            ]
          ],
          [
            [
              [
                -1.741514,
                37.275844
              ],
              [
                -1.741616,
                37.2758
              ],
              [
                -1.741661,
                37.275828
              ],
              [
                -1.741615,
                37.275872
              ],
              [
                -1.741514,
                37.275844
              ]
            ]
          ],
          [
            [
              [
                -1.739956,
                37.277964
              ],
              [
                -1.739923,
                37.2779
              ],
              [
                -1.740013,
                37.277901
              ],
              [
                -1.740012,
                37.277964
              ],
              [
                -1.739956,
                37.277964
              ]
            ]
          ],
          [
            [
              [
                -1.698985,
                37.320767
              ],
              [
                -1.698975,
                37.320695
              ],
              [
                -1.699054,
                37.320695
              ],
              [
                -1.69903,
                37.320767
              ],
              [
                -1.698985,
                37.320767
              ]
            ]
          ],
          [
            [
              [
                -1.703272,
                37.312314
              ],
              [
                -1.703351,
                37.312306
              ],
              [
                -1.703362,
                37.312351
              ],
              [
                -1.703294,
                37.312369
              ],
              [
                -1.703272,
                37.312314
              ]
            ]
          ],
          [
            [
              [
                -1.7743,
                37.243388
              ],
              [
                -1.774357,
                37.243308
              ],
              [
                -1.774367,
                37.243389
              ],
              [
                -1.7743,
                37.243388
              ]
            ]
          ]
        ]
      },
      "properties": {
        "code": "ES-AL",
        "name": "Almería",
        "ine": "04"
      }
    },
    {
      "type": "Feature",
      "geometry": {
        "type": "MultiPolygon",
        "coordinates": [
          [
            [
              [
                -5.431317,
                37.050394
              ],
              [
                -5.420108,
                37.013214
              ],
              [
                -5.460287,
                36.975303
              ],
              [
                -5.43895,
                36.935288
              ],
              [
                -5.412849,
                36.940661
              ],
              [
                -5.392391,
                36.973284
              ],
              [
                -5.302105,
                37.037363
              ],
              [
                -5.300224,
                37.013742
              ],
              [
                -5.234533,
                36.94105
              ],
              [
                -5.142383,
                37.003862
              ],
              [
                -5.115146,
                36.988957
              ],
              [
                -5.095581,
                36.968295
              ],
              [
                -5.110115,
                36.959332
              ],
              [
                -5.086769,
                36.905091
              ],
              [
                -5.105079,
                36.897936
              ],
              [
                -5.133292,
                36.839102
              ],
              [
                -5.170405,
                36.82355
              ],
              [
                -5.222013,
                36.842722
              ],
              [
                -5.269776,
                36.884215
              ],
              [
                -5.301583,
                36.869643
              ],
              [
                -5.340714,
                36.819418
              ],
              [
                -5.319819,
                36.786732
              ],
              [
                -5.290935,
                36.77517
              ],
              [
                -5.324626,
                36.724009
              ],
              [
                -5.324029,
                36.673341
              ],
              [
                -5.380718,
                36.631781
              ],
              [
                -5.455914,
                36.619583
              ],
              [
                -5.460816,
                36.588784
              ],
              [
                -5.523325,
                36.531123
              ],
              [
                -5.61048,
                36.544234
              ],
              [
                -5.60829,
                36.512289
              ],
              [
                -5.52425,
                36.497712
              ],
              [
                -5.492395,
                36.536469
              ],
              [
                -5.429324,
                36.533156
              ],
              [
                -5.347157,
                36.418647
              ],
              [
                -5.320085,
                36.325071
              ],
              [
                -5.27783,
                36.337123
              ],
              [
                -5.252352,
                36.311224
              ],
              [
                -5.317048,
                36.229189
              ],
              [
                -5.338646,
                36.15346
              ],
              [
                -5.365033,
                36.155014
              ],
              [
                -5.352154,
                36.156214
              ],
              [
                -5.391416,
                36.180926
              ],
              [
                -5.440648,
                36.162059
              ],
              [
                -5.447271,
                36.139102
              ],
              [
                -5.443116,
                36.128732
              ],
              [
                -5.435909,
                36.140713
              ],
              [
                -5.443598,
                36.127442
              ],
              [
                -5.440448,
                36.124009
              ],
              [
                -5.43001,
                36.140752
              ],
              [
                -5.442566,
                36.119603
              ],
              [
                -5.431081,
                36.105587
              ],
              [
                -5.443538,
                36.089641
              ],
              [
                -5.429537,
                36.070962
              ],
              [
                -5.611082,
                36.000131
              ],
              [
                -5.652501,
                36.053156
              ],
              [
                -5.68929,
                36.06736
              ],
              [
                -5.723817,
                36.060055
              ],
              [
                -5.776339,
                36.087763
              ],
              [
                -5.797244,
                36.078273
              ],
              [
                -5.9149,
                36.184767
              ],
              [
                -6.034468,
                36.181171
              ],
              [
                -6.102765,
                36.284108
              ],
              [
                -6.151094,
                36.306525
              ],
              [
                -6.182209,
                36.368571
              ],
              [
                -6.218753,
                36.392553
              ],
              [
                -6.288834,
                36.523423
              ],
              [
                -6.309601,
                36.5286
              ],
              [
                -6.305054,
                36.536744
              ],
              [
                -6.2905,
                36.537705
              ],
              [
                -6.28729,
                36.54284
              ],
              [
                -6.279357,
                36.543004
              ],
              [
                -6.292294,
                36.532871
              ],
              [
                -6.276838,
                36.540739
              ],
              [
                -6.268631,
                36.531999
              ],
              [
                -6.281934,
                36.527475
              ],
              [
                -6.256429,
                36.507822
              ],
              [
                -6.257597,
                36.473114
              ],
              [
                -6.229836,
                36.462604
              ],
              [
                -6.173244,
                36.521409
              ],
              [
                -6.20053,
                36.528727
              ],
              [
                -6.207867,
                36.509579
              ],
              [
                -6.245627,
                36.508963
              ],
              [
                -6.257973,
                36.52919
              ],
              [
                -6.229118,
                36.525073
              ],
              [
                -6.232817,
                36.584915
              ],
              [
                -6.249382,
                36.572281
              ],
              [
                -6.238218,
                36.58448
              ],
              [
                -6.265933,
                36.579831
              ],
              [
                -6.299819,
                36.61786
              ],
              [
                -6.3201,
                36.611971
              ],
              [
                -6.311242,
                36.61784
              ],
              [
                -6.330145,
                36.624368
              ],
              [
                -6.326167,
                36.610378
              ],
              [
                -6.337361,
                36.625284
              ],
              [
                -6.353716,
                36.61421
              ],
              [
                -6.388263,
                36.62899
              ],
              [
                -6.442779,
                36.737748
              ],
              [
                -6.342357,
                36.794415
              ],
              [
                -6.353215,
                36.855037
              ],
              [
                -6.331009,
                36.898803
              ],
              [
                -6.278289,
                36.910848
              ],
              [
                -6.253793,
                36.893907
              ],
              [
                -6.156153,
                36.885649
              ],
              [
                -6.104447,
                36.857256
              ],
              [
                -5.891055,
                36.842192
              ],
              [
                -5.87652,
                36.894711
              ],
              [
                -5.845508,
                36.915212
              ],
              [
                -5.713768,
                36.920386
              ],
              [
                -5.667567,
                36.97599
              ],
              [
                -5.618088,
                36.940161
              ],
              [
                -5.587108,
                36.947013
              ],
              [
                -5.583404,
                36.915092
              ],
              [
                -5.533822,
                36.89345
              ],
              [
                -5.546116,
                36.930182
              ],
              [
                -5.469732,
                36.983948
              ],
              [
                -5.510986,
                37.033603
              ],
              [
                -5.431317,
                37.050394
              ]
            ]
          ],
          [
            [
              [
                -6.469162,
                36.738043
              ],
              [
                -6.468314,
                36.737074
              ],
              [
                -6.468499,
                36.732253
              ],
              [
                -6.472051,
                36.737246
              ],
              [
                -6.469162,
                36.738043
              ]
            ]
          ],
          [
            [
              [
                -6.220778,
                36.381135
              ],
              [
                -6.219786,
                36.378954
              ],
              [
                -6.221266,
                36.380257
              ],
              [
                -6.225345,
                36.396178
              ],
              [
                -6.220778,
                36.381135
              ]
            ]
          ],
          [
            [
              [
                -6.315427,
                36.528643
              ],
              [
                -6.312785,
                36.528212
              ],
              [
                -6.312322,
                36.527828
              ],
              [
                -6.317795,
                36.527874
              ],
              [
                -6.315427,
                36.528643
              ]
            ]
          ],
          [
            [
              [
                -6.219208,
                36.386016
              ],
              [
                -6.219125,
                36.384541
              ],
              [
                -6.218927,
                36.383798
              ],
              [
                -6.220328,
                36.386977
              ],
              [
                -6.219208,
                36.386016
              ]
            ]
          ],
          [
            [
              [
                -6.220889,
                36.387332
              ],
              [
                -6.221298,
                36.387249
              ],
              [
                -6.221491,
                36.390046
              ],
              [
                -6.220704,
                36.387977
              ],
              [
                -6.220889,
                36.387332
              ]
            ]
          ],
          [
            [
              [
                -6.215817,
                36.38244
              ],
              [
                -6.216343,
                36.38248
              ],
              [
                -6.215445,
                36.383964
              ],
              [
                -6.214801,
                36.383207
              ],
              [
                -6.215817,
                36.38244
              ]
            ]
          ],
          [
            [
              [
                -5.293093,
                36.245497
              ],
              [
                -5.295034,
                36.245271
              ],
              [
                -5.29542,
                36.245525
              ],
              [
                -5.294276,
                36.245988
              ],
              [
                -5.293093,
                36.245497
              ]
            ]
          ],
          [
            [
              [
                -5.434645,
                36.065234
              ],
              [
                -5.43428,
                36.06489
              ],
              [
                -5.43521,
                36.064826
              ],
              [
                -5.435113,
                36.065278
              ],
              [
                -5.434645,
                36.065234
              ]
            ]
          ],
          [
            [
              [
                -6.457325,
                36.735559
              ],
              [
                -6.458096,
                36.735407
              ],
              [
                -6.458107,
                36.735644
              ],
              [
                -6.457232,
                36.735864
              ],
              [
                -6.457325,
                36.735559
              ]
            ]
          ],
          [
            [
              [
                -6.007924,
                36.18142
              ],
              [
                -6.008475,
                36.181377
              ],
              [
                -6.009246,
                36.181493
              ],
              [
                -6.008906,
                36.181601
              ],
              [
                -6.007924,
                36.18142
              ]
            ]
          ],
          [
            [
              [
                -6.00578,
                36.181265
              ],
              [
                -6.006204,
                36.18129
              ],
              [
                -6.006665,
                36.181432
              ],
              [
                -6.005928,
                36.18145
              ],
              [
                -6.00578,
                36.181265
              ]
            ]
          ],
          [
            [
              [
                -5.423617,
                36.077031
              ],
              [
                -5.423962,
                36.077069
              ],
              [
                -5.424082,
                36.077355
              ],
              [
                -5.423973,
                36.077411
              ],
              [
                -5.423617,
                36.077031
              ]
            ]
          ],
          [
            [
              [
                -5.423346,
                36.076171
              ],
              [
                -5.423659,
                36.076228
              ],
              [
                -5.423902,
                36.076538
              ],
              [
                -5.423768,
                36.076514
              ],
              [
                -5.423346,
                36.076171
              ]
            ]
          ],
          [
            [
              [
                -5.436041,
                36.065485
              ],
              [
                -5.436196,
                36.065464
              ],
              [
                -5.436213,
                36.065653
              ],
              [
                -5.436033,
                36.065602
              ],
              [
                -5.436041,
                36.065485
              ]
            ]
          ],
          [
            [
              [
                -5.436311,
                36.065597
              ],
              [
                -5.436363,
                36.065496
              ],
              [
                -5.436427,
                36.065774
              ],
              [
                -5.436315,
                36.065732
              ],
              [
                -5.436311,
                36.065597
              ]
            ]
          ],
          [
            [
              [
                -5.436467,
                36.065278
              ],
              [
                -5.436464,
                36.06517
              ],
              [
                -5.436598,
                36.065203
              ],
              [
                -5.436537,
                36.065358
              ],
              [
                -5.436467,
                36.065278
              ]
            ]
          ],
          [
            [
              [
                -5.437219,
                36.06446
              ],
              [
                -5.437295,
                36.064387
              ],
              [
                -5.437407,
                36.064411
              ],
              [
                -5.437331,
                36.064494
              ],
              [
                -5.437219,
                36.06446
              ]
            ]
          ],
          [
            [
              [
                -5.437334,
                36.064233
              ],
              [
                -5.437399,
                36.064159
              ],
              [
                -5.437532,
                36.064166
              ],
              [
                -5.437468,
                36.064239
              ],
              [
                -5.437334,
                36.064233
              ]
            ]
          ]
        ]
      },
      "properties": {
        "code": "ES-CA",
        "name": "Cádiz",
        "ine": "11"
      }
    },
    {
      "type": "Feature",
      "geometry": {
        "type": "MultiPolygon",
        "coordinates": [
          [
            [
              [
                -5.035409,
                38.726189
              ],
              [
                -5.004469,
                38.71183
              ],
              [
                -5.0046,
                38.695095
              ],
              [
                -4.87697,
                38.686094
              ],
              [
                -4.860171,
                38.613979
              ],
              [
                -4.707366,
                38.571946
              ],
              [
                -4.70395,
                38.553171
              ],
              [
                -4.622779,
                38.523794
              ],
              [
                -4.593691,
                38.486382
              ],
              [
                -4.566297,
                38.490941
              ],
              [
                -4.512691,
                38.463854
              ],
              [
                -4.452988,
                38.400871
              ],
              [
                -4.28733,
                38.342761
              ],
              [
                -4.237442,
                38.341541
              ],
              [
                -4.238538,
                38.315107
              ],
              [
                -4.210218,
                38.301452
              ],
              [
                -4.216686,
                38.246953
              ],
              [
                -4.196001,
                38.237847
              ],
              [
                -4.201175,
                38.214084
              ],
              [
                -4.167861,
                38.180787
              ],
              [
                -4.161197,
                38.145003
              ],
              [
                -4.21795,
                38.110768
              ],
              [
                -4.214085,
                38.089477
              ],
              [
                -4.251945,
                38.063522
              ],
              [
                -4.240086,
                38.047029
              ],
              [
                -4.268941,
                38.039764
              ],
              [
                -4.259958,
                38.022232
              ],
              [
                -4.282252,
                38.022812
              ],
              [
                -4.258052,
                37.939322
              ],
              [
                -4.286737,
                37.796543
              ],
              [
                -4.206578,
                37.778735
              ],
              [
                -4.23861,
                37.720091
              ],
              [
                -4.183509,
                37.707039
              ],
              [
                -4.164368,
                37.681506
              ],
              [
                -4.228103,
                37.639536
              ],
              [
                -4.220137,
                37.62024
              ],
              [
                -4.173837,
                37.610083
              ],
              [
                -4.160707,
                37.575107
              ],
              [
                -4.120976,
                37.5543
              ],
              [
                -4.098058,
                37.511531
              ],
              [
                -4.059995,
                37.505813
              ],
              [
                -4.087653,
                37.486075
              ],
              [
                -4.048141,
                37.467973
              ],
              [
                -4.000821,
                37.402091
              ],
              [
                -4.085943,
                37.403746
              ],
              [
                -4.15784,
                37.342252
              ],
              [
                -4.204036,
                37.352913
              ],
              [
                -4.236419,
                37.335851
              ],
              [
                -4.236509,
                37.297219
              ],
              [
                -4.263253,
                37.260378
              ],
              [
                -4.25531,
                37.229565
              ],
              [
                -4.295565,
                37.199387
              ],
              [
                -4.327617,
                37.184331
              ],
              [
                -4.322629,
                37.204523
              ],
              [
                -4.371637,
                37.215205
              ],
              [
                -4.382575,
                37.231545
              ],
              [
                -4.379696,
                37.27523
              ],
              [
                -4.417965,
                37.282403
              ],
              [
                -4.485181,
                37.252483
              ],
              [
                -4.477553,
                37.244728
              ],
              [
                -4.498077,
                37.223334
              ],
              [
                -4.602299,
                37.209237
              ],
              [
                -4.613768,
                37.255084
              ],
              [
                -4.64533,
                37.246855
              ],
              [
                -4.662116,
                37.283744
              ],
              [
                -4.681092,
                37.290046
              ],
              [
                -4.658472,
                37.30429
              ],
              [
                -4.68407,
                37.315357
              ],
              [
                -4.668439,
                37.319805
              ],
              [
                -4.671912,
                37.334987
              ],
              [
                -4.685656,
                37.330268
              ],
              [
                -4.718667,
                37.358499
              ],
              [
                -4.729224,
                37.335327
              ],
              [
                -4.782224,
                37.328502
              ],
              [
                -4.822126,
                37.358195
              ],
              [
                -4.814688,
                37.377532
              ],
              [
                -4.84981,
                37.410659
              ],
              [
                -4.840635,
                37.436019
              ],
              [
                -4.88474,
                37.437983
              ],
              [
                -4.875342,
                37.450453
              ],
              [
                -4.904089,
                37.467405
              ],
              [
                -4.904468,
                37.489489
              ],
              [
                -4.915201,
                37.48416
              ],
              [
                -4.90602,
                37.499837
              ],
              [
                -4.948674,
                37.521483
              ],
              [
                -4.932025,
                37.545909
              ],
              [
                -4.931707,
                37.617326
              ],
              [
                -4.974282,
                37.600157
              ],
              [
                -4.953766,
                37.652443
              ],
              [
                -4.999821,
                37.70659
              ],
              [
                -5.047227,
                37.718294
              ],
              [
                -5.072582,
                37.707695
              ],
              [
                -5.091506,
                37.679948
              ],
              [
                -5.076435,
                37.668904
              ],
              [
                -5.076804,
                37.664662
              ],
              [
                -5.070015,
                37.661834
              ],
              [
                -5.069878,
                37.65935
              ],
              [
                -5.097878,
                37.670291
              ],
              [
                -5.108612,
                37.700667
              ],
              [
                -5.12971,
                37.698747
              ],
              [
                -5.10792,
                37.662578
              ],
              [
                -5.150054,
                37.660917
              ],
              [
                -5.176768,
                37.680577
              ],
              [
                -5.27452,
                37.625284
              ],
              [
                -5.323304,
                37.61425
              ],
              [
                -5.35186,
                37.584288
              ],
              [
                -5.414016,
                37.645275
              ],
              [
                -5.393656,
                37.65535
              ],
              [
                -5.412897,
                37.664997
              ],
              [
                -5.40369,
                37.693021
              ],
              [
                -5.386806,
                37.697311
              ],
              [
                -5.376343,
                37.677562
              ],
              [
                -5.344837,
                37.705344
              ],
              [
                -5.327099,
                37.69162
              ],
              [
                -5.307604,
                37.699239
              ],
              [
                -5.309754,
                37.773586
              ],
              [
                -5.349916,
                37.794266
              ],
              [
                -5.344511,
                37.839872
              ],
              [
                -5.414709,
                37.869461
              ],
              [
                -5.415611,
                37.943674
              ],
              [
                -5.474295,
                37.975353
              ],
              [
                -5.493751,
                37.996946
              ],
              [
                -5.495125,
                38.041844
              ],
              [
                -5.538781,
                38.093811
              ],
              [
                -5.581684,
                38.115474
              ],
              [
                -5.585641,
                38.140355
              ],
              [
                -5.539673,
                38.160685
              ],
              [
                -5.538707,
                38.200605
              ],
              [
                -5.520377,
                38.208442
              ],
              [
                -5.525958,
                38.264124
              ],
              [
                -5.575648,
                38.329106
              ],
              [
                -5.559248,
                38.366885
              ],
              [
                -5.584277,
                38.400971
              ],
              [
                -5.552793,
                38.445621
              ],
              [
                -5.484455,
                38.46339
              ],
              [
                -5.479488,
                38.484678
              ],
              [
                -5.410003,
                38.520224
              ],
              [
                -5.406932,
                38.543695
              ],
              [
                -5.383664,
                38.539846
              ],
              [
                -5.39272,
                38.553483
              ],
              [
                -5.371748,
                38.583572
              ],
              [
                -5.308514,
                38.577619
              ],
              [
                -5.292237,
                38.610808
              ],
              [
                -5.223775,
                38.656712
              ],
              [
                -5.214745,
                38.648567
              ],
              [
                -5.208485,
                38.667697
              ],
              [
                -5.184233,
                38.659728
              ],
              [
                -5.185764,
                38.67417
              ],
              [
                -5.167322,
                38.680469
              ],
              [
                -5.184505,
                38.719695
              ],
              [
                -5.09919,
                38.707653
              ],
              [
                -5.035409,
                38.726189
              ]
            ]
          ],
          [
            [
              [
                -5.08114,
                37.646553
              ],
              [
                -5.046795,
                37.631942
              ],
              [
                -5.031191,
                37.641521
              ],
              [
                -5.017785,
                37.592464
              ],
              [
                -5.04791,
                37.60814
              ],
              [
                -5.040405,
                37.626195
              ],
              [
                -5.08114,
                37.646553
              ]
            ]
          ]
        ]
      },
      "properties": {
        "code": "ES-CO",
        "name": "Córdoba",
        "ine": "14"
      }
    },
    {
      "type": "Feature",
      "geometry": {
        "type": "MultiPolygon",
        "coordinates": [
          [
            [
              [
                -2.549753,
                38.082888
              ],
              [
                -2.423412,
                38.033702
              ],
              [
                -2.341632,
                38.026001
              ],
              [
                -2.298474,
                38.002119
              ],
              [
                -2.247161,
                37.934432
              ],
              [
                -2.207673,
                37.91657
              ],
              [
                -2.29495,
                37.876316
              ],
              [
                -2.289387,
                37.83148
              ],
              [
                -2.301775,
                37.808284
              ],
              [
                -2.276785,
                37.776219
              ],
              [
                -2.323339,
                37.693874
              ],
              [
                -2.310419,
                37.630011
              ],
              [
                -2.359565,
                37.621266
              ],
              [
                -2.39127,
                37.632485
              ],
              [
                -2.367896,
                37.591576
              ],
              [
                -2.374298,
                37.55735
              ],
              [
                -2.355729,
                37.546993
              ],
              [
                -2.358511,
                37.522293
              ],
              [
                -2.456323,
                37.509426
              ],
              [
                -2.457522,
                37.490827
              ],
              [
                -2.514154,
                37.479528
              ],
              [
                -2.641641,
                37.387792
              ],
              [
                -2.637292,
                37.343331
              ],
              [
                -2.654601,
                37.340607
              ],
              [
                -2.665651,
                37.285329
              ],
              [
                -2.660115,
                37.211994
              ],
              [
                -2.733023,
                37.237321
              ],
              [
                -2.759033,
                37.226714
              ],
              [
                -2.779004,
                37.262656
              ],
              [
                -2.845385,
                37.279221
              ],
              [
                -2.874963,
                37.231455
              ],
              [
                -2.880986,
                37.187103
              ],
              [
                -2.929146,
                37.156566
              ],
              [
                -2.948964,
                37.096552
              ],
              [
                -3.000256,
                37.094977
              ],
              [
                -3.029577,
                37.113254
              ],
              [
                -3.005711,
                37.023341
              ],
              [
                -2.976215,
                36.978122
              ],
              [
                -2.990498,
                36.958185
              ],
              [
                -3.029337,
                36.947527
              ],
              [
                -3.031316,
                36.924586
              ],
              [
                -3.071934,
                36.919287
              ],
              [
                -3.029007,
                36.844441
              ],
              [
                -3.140187,
                36.787791
              ],
              [
                -3.128683,
                36.750871
              ],
              [
                -3.250004,
                36.754345
              ],
              [
                -3.337329,
                36.738722
              ],
              [
                -3.419913,
                36.69389
              ],
              [
                -3.482666,
                36.697275
              ],
              [
                -3.52587,
                36.724126
              ],
              [
                -3.5537,
                36.714948
              ],
              [
                -3.60227,
                36.744677
              ],
              [
                -3.657722,
                36.746555
              ],
              [
                -3.734344,
                36.719637
              ],
              [
                -3.748808,
                36.737604
              ],
              [
                -3.77744,
                36.737917
              ],
              [
                -3.768144,
                36.801955
              ],
              [
                -3.826696,
                36.855325
              ],
              [
                -3.86761,
                36.850679
              ],
              [
                -3.929525,
                36.88288
              ],
              [
                -4.045693,
                36.902864
              ],
              [
                -4.099893,
                36.952709
              ],
              [
                -4.16664,
                36.957075
              ],
              [
                -4.231335,
                37.016941
              ],
              [
                -4.27251,
                37.014902
              ],
              [
                -4.287067,
                37.11952
              ],
              [
                -4.327617,
                37.184331
              ],
              [
                -4.25531,
                37.229565
              ],
              [
                -4.263253,
                37.260378
              ],
              [
                -4.236509,
                37.297219
              ],
              [
                -4.236419,
                37.335851
              ],
              [
                -4.204036,
                37.352913
              ],
              [
                -4.15784,
                37.342252
              ],
              [
                -4.085943,
                37.403746
              ],
              [
                -4.000821,
                37.402091
              ],
              [
                -3.950888,
                37.378347
              ],
              [
                -3.842246,
                37.385751
              ],
              [
                -3.785575,
                37.490898
              ],
              [
                -3.776241,
                37.476484
              ],
              [
                -3.627068,
                37.52854
              ],
              [
                -3.536435,
                37.580815
              ],
              [
                -3.536157,
                37.597338
              ],
              [
                -3.506544,
                37.617226
              ],
              [
                -3.399303,
                37.56405
              ],
              [
                -3.296231,
                37.588257
              ],
              [
                -3.262485,
                37.639208
              ],
              [
                -3.215743,
                37.644187
              ],
              [
                -3.172053,
                37.64287
              ],
              [
                -3.088196,
                37.59554
              ],
              [
                -3.050965,
                37.618357
              ],
              [
                -2.978177,
                37.602752
              ],
              [
                -2.977919,
                37.633984
              ],
              [
                -2.884036,
                37.681318
              ],
              [
                -2.901525,
                37.689293
              ],
              [
                -2.903782,
                37.751169
              ],
              [
                -2.880292,
                37.759944
              ],
              [
                -2.873154,
                37.791491
              ],
              [
                -2.784609,
                37.917641
              ],
              [
                -2.702673,
                37.971522
              ],
              [
                -2.669825,
                37.961429
              ],
              [
                -2.605702,
                37.997716
              ],
              [
                -2.595855,
                38.053186
              ],
              [
                -2.606628,
                38.061442
              ],
              [
                -2.549753,
                38.082888
              ]
            ]
          ],
          [
            [
              [
                -3.389571,
                36.708137
              ],
              [
                -3.389852,
                36.708398
              ],
              [
                -3.389674,
                36.708678
              ],
              [
                -3.389449,
                36.708363
              ],
              [
                -3.389571,
                36.708137
              ]
            ]
          ]
        ]
      },
      "properties": {
        "code": "ES-GR",
        "name": "Granada",
        "ine": "18"
      }
    },
    {
      "type": "Feature",
      "geometry": {
        "type": "MultiPolygon",
        "coordinates": [
          [
            [
              [
                -6.926904,
                38.204441
              ],
              [
                -6.848429,
                38.177236
              ],
              [
                -6.795092,
                38.178541
              ],
              [
                -6.815815,
                38.120138
              ],
              [
                -6.770055,
                38.112113
              ],
              [
                -6.758217,
                38.092711
              ],
              [
                -6.622104,
                38.097008
              ],
              [
                -6.580526,
                38.052772
              ],
              [
                -6.583581,
                38.021285
              ],
              [
                -6.545693,
                38.028119
              ],
              [
                -6.47656,
                38.007834
              ],
              [
                -6.444316,
                38.059603
              ],
              [
                -6.367246,
                38.048919
              ],
              [
                -6.347044,
                38.00282
              ],
              [
                -6.239239,
                37.95893
              ],
              [
                -6.201517,
                37.962062
              ],
              [
                -6.169969,
                37.909815
              ],
              [
                -6.145213,
                37.920498
              ],
              [
                -6.125032,
                37.904792
              ],
              [
                -6.164294,
                37.86201
              ],
              [
                -6.14216,
                37.855674
              ],
              [
                -6.12166,
                37.816595
              ],
              [
                -6.134016,
                37.787832
              ],
              [
                -6.202397,
                37.805534
              ],
              [
                -6.222234,
                37.739655
              ],
              [
                -6.252424,
                37.74278
              ],
              [
                -6.252318,
                37.763145
              ],
              [
                -6.311022,
                37.764869
              ],
              [
                -6.449994,
                37.718898
              ],
              [
                -6.475123,
                37.725141
              ],
              [
                -6.501342,
                37.667959
              ],
              [
                -6.536089,
                37.650976
              ],
              [
                -6.528622,
                37.615795
              ],
              [
                -6.443271,
                37.623354
              ],
              [
                -6.395257,
                37.611187
              ],
              [
                -6.392401,
                37.554051
              ],
              [
                -6.366478,
                37.535757
              ],
              [
                -6.356184,
                37.496173
              ],
              [
                -6.306054,
                37.433015
              ],
              [
                -6.312632,
                37.418722
              ],
              [
                -6.356259,
                37.412166
              ],
              [
                -6.36208,
                37.375881
              ],
              [
                -6.346038,
                37.365732
              ],
              [
                -6.384571,
                37.337489
              ],
              [
                -6.333,
                37.299104
              ],
              [
                -6.359846,
                37.238096
              ],
              [
                -6.345245,
                37.218283
              ],
              [
                -6.350561,
                37.180562
              ],
              [
                -6.336117,
                37.169617
              ],
              [
                -6.359674,
                37.138426
              ],
              [
                -6.34236,
                37.122977
              ],
              [
                -6.38639,
                37.07629
              ],
              [
                -6.353943,
                36.988492
              ],
              [
                -6.378893,
                36.934706
              ],
              [
                -6.331009,
                36.898803
              ],
              [
                -6.352903,
                36.85738
              ],
              [
                -6.345502,
                36.798722
              ],
              [
                -6.397195,
                36.807276
              ],
              [
                -6.449265,
                36.907787
              ],
              [
                -6.521884,
                36.977163
              ],
              [
                -6.91668,
                37.176301
              ],
              [
                -6.915853,
                37.163347
              ],
              [
                -6.849366,
                37.127402
              ],
              [
                -6.839426,
                37.119024
              ],
              [
                -6.83214,
                37.107998
              ],
              [
                -6.924125,
                37.164848
              ],
              [
                -7.059652,
                37.210794
              ],
              [
                -7.270891,
                37.201779
              ],
              [
                -7.376354,
                37.171235
              ],
              [
                -7.407473,
                37.183409
              ],
              [
                -7.43378,
                37.249689
              ],
              [
                -7.421941,
                37.274173
              ],
              [
                -7.442143,
                37.310847
              ],
              [
                -7.44023,
                37.390297
              ],
              [
                -7.462801,
                37.409792
              ],
              [
                -7.445567,
                37.41926
              ],
              [
                -7.463774,
                37.486906
              ],
              [
                -7.511494,
                37.524438
              ],
              [
                -7.522846,
                37.5534
              ],
              [
                -7.506748,
                37.557511
              ],
              [
                -7.503855,
                37.604463
              ],
              [
                -7.489044,
                37.603642
              ],
              [
                -7.444146,
                37.664732
              ],
              [
                -7.452504,
                37.678124
              ],
              [
                -7.421107,
                37.759122
              ],
              [
                -7.324127,
                37.815766
              ],
              [
                -7.283459,
                37.869079
              ],
              [
                -7.248505,
                37.954481
              ],
              [
                -7.263192,
                37.979852
              ],
              [
                -7.202218,
                38.003477
              ],
              [
                -7.132847,
                37.999948
              ],
              [
                -7.120701,
                38.005212
              ],
              [
                -7.12813,
                38.029865
              ],
              [
                -7.09878,
                38.043845
              ],
              [
                -7.059303,
                38.017437
              ],
              [
                -7.002398,
                38.02266
              ],
              [
                -6.987363,
                38.103896
              ],
              [
                -6.952111,
                38.152783
              ],
              [
                -6.968876,
                38.166188
              ],
              [
                -6.926904,
                38.204441
              ]
            ]
          ]
        ]
      },
      "properties": {
        "code": "ES-H",
        "name": "Huelva",
        "ine": "21"
      }
    },
    {
      "type": "Feature",
      "geometry": {
        "type": "MultiPolygon",
        "coordinates": [
          [
            [
              [
                -2.766826,
                38.532968
              ],
              [
                -2.702508,
                38.501091
              ],
              [
                -2.599741,
                38.512916
              ],
              [
                -2.57021,
                38.494796
              ],
              [
                -2.571883,
                38.414128
              ],
              [
                -2.482357,
                38.396195
              ],
              [
                -2.485206,
                38.300256
              ],
              [
                -2.436603,
                38.27213
              ],
              [
                -2.454339,
                38.215488
              ],
              [
                -2.446277,
                38.185194
              ],
              [
                -2.53967,
                38.09261
              ],
              [
                -2.606318,
                38.061856
              ],
              [
                -2.595855,
                38.053186
              ],
              [
                -2.605118,
                37.998147
              ],
              [
                -2.669825,
                37.961429
              ],
              [
                -2.702673,
                37.971522
              ],
              [
                -2.784609,
                37.917641
              ],
              [
                -2.873154,
                37.791491
              ],
              [
                -2.880292,
                37.759944
              ],
              [
                -2.903782,
                37.751169
              ],
              [
                -2.901525,
                37.689293
              ],
              [
                -2.884036,
                37.681318
              ],
              [
                -2.977919,
                37.633984
              ],
              [
                -2.978177,
                37.602752
              ],
              [
                -3.050965,
                37.618357
              ],
              [
                -3.088196,
                37.59554
              ],
              [
                -3.172053,
                37.64287
              ],
              [
                -3.215743,
                37.644187
              ],
              [
                -3.262485,
                37.639208
              ],
              [
                -3.296231,
                37.588257
              ],
              [
                -3.399303,
                37.56405
              ],
              [
                -3.506544,
                37.617226
              ],
              [
                -3.536157,
                37.597338
              ],
              [
                -3.536435,
                37.580815
              ],
              [
                -3.627068,
                37.52854
              ],
              [
                -3.776241,
                37.476484
              ],
              [
                -3.785575,
                37.490898
              ],
              [
                -3.841223,
                37.386236
              ],
              [
                -3.950888,
                37.378347
              ],
              [
                -3.983685,
                37.388525
              ],
              [
                -4.048141,
                37.467973
              ],
              [
                -4.087653,
                37.486075
              ],
              [
                -4.059995,
                37.505813
              ],
              [
                -4.098058,
                37.511531
              ],
              [
                -4.120976,
                37.5543
              ],
              [
                -4.160707,
                37.575107
              ],
              [
                -4.173837,
                37.610083
              ],
              [
                -4.220137,
                37.62024
              ],
              [
                -4.228103,
                37.639536
              ],
              [
                -4.164368,
                37.681506
              ],
              [
                -4.183509,
                37.707039
              ],
              [
                -4.23861,
                37.720091
              ],
              [
                -4.207928,
                37.780055
              ],
              [
                -4.286737,
                37.796543
              ],
              [
                -4.258052,
                37.939322
              ],
              [
                -4.282476,
                38.021971
              ],
              [
                -4.259958,
                38.022232
              ],
              [
                -4.268753,
                38.040054
              ],
              [
                -4.240086,
                38.047029
              ],
              [
                -4.251945,
                38.063522
              ],
              [
                -4.214085,
                38.089477
              ],
              [
                -4.21795,
                38.110768
              ],
              [
                -4.161183,
                38.145544
              ],
              [
                -4.167861,
                38.180787
              ],
              [
                -4.201175,
                38.214084
              ],
              [
                -4.196001,
                38.237847
              ],
              [
                -4.216686,
                38.246953
              ],
              [
                -4.210218,
                38.301452
              ],
              [
                -4.238538,
                38.315107
              ],
              [
                -4.237442,
                38.341541
              ],
              [
                -4.269269,
                38.347734
              ],
              [
                -4.27866,
                38.377488
              ],
              [
                -4.268234,
                38.398013
              ],
              [
                -3.91512,
                38.368814
              ],
              [
                -3.854284,
                38.375141
              ],
              [
                -3.830561,
                38.392903
              ],
              [
                -3.830056,
                38.412796
              ],
              [
                -3.785612,
                38.425269
              ],
              [
                -3.598236,
                38.398474
              ],
              [
                -3.583076,
                38.451469
              ],
              [
                -3.567357,
                38.452033
              ],
              [
                -3.535164,
                38.439414
              ],
              [
                -3.528443,
                38.408641
              ],
              [
                -3.471015,
                38.397999
              ],
              [
                -3.424824,
                38.406799
              ],
              [
                -3.376684,
                38.439596
              ],
              [
                -3.375012,
                38.475235
              ],
              [
                -3.326492,
                38.482121
              ],
              [
                -3.279424,
                38.460244
              ],
              [
                -3.138288,
                38.438577
              ],
              [
                -3.064966,
                38.478248
              ],
              [
                -3.001713,
                38.408321
              ],
              [
                -2.993509,
                38.450119
              ],
              [
                -2.963586,
                38.471454
              ],
              [
                -2.905788,
                38.469907
              ],
              [
                -2.88149,
                38.452645
              ],
              [
                -2.779955,
                38.509706
              ],
              [
                -2.766826,
                38.532968
              ]
            ]
          ]
        ]
      },
      "properties": {
        "code": "ES-J",
        "name": "Jaén",
        "ine": "23"
      }
    },
    {
      "type": "Feature",
      "geometry": {
        "type": "MultiPolygon",
        "coordinates": [
          [
            [
              [
                -4.406576,
                37.27412
              ],
              [
                -4.378944,
                37.274202
              ],
              [
                -4.385015,
                37.238015
              ],
              [
                -4.372013,
                37.21539
              ],
              [
                -4.322455,
                37.204227
              ],
              [
                -4.332209,
                37.191157
              ],
              [
                -4.287067,
                37.11952
              ],
              [
                -4.27251,
                37.014902
              ],
              [
                -4.231335,
                37.016941
              ],
              [
                -4.16664,
                36.957075
              ],
              [
                -4.099893,
                36.952709
              ],
              [
                -4.045693,
                36.902864
              ],
              [
                -3.929525,
                36.88288
              ],
              [
                -3.86761,
                36.850679
              ],
              [
                -3.826696,
                36.855325
              ],
              [
                -3.768144,
                36.801955
              ],
              [
                -3.77744,
                36.737917
              ],
              [
                -3.844715,
                36.75355
              ],
              [
                -3.957264,
                36.726087
              ],
              [
                -4.067346,
                36.748742
              ],
              [
                -4.108468,
                36.725335
              ],
              [
                -4.18078,
                36.71468
              ],
              [
                -4.393754,
                36.722338
              ],
              [
                -4.415296,
                36.706986
              ],
              [
                -4.413253,
                36.7177
              ],
              [
                -4.418516,
                36.717106
              ],
              [
                -4.417447,
                36.708907
              ],
              [
                -4.511655,
                36.593144
              ],
              [
                -4.602807,
                36.562956
              ],
              [
                -4.638134,
                36.507076
              ],
              [
                -4.740536,
                36.482632
              ],
              [
                -4.860926,
                36.507631
              ],
              [
                -4.934971,
                36.49981
              ],
              [
                -5.0049,
                36.459744
              ],
              [
                -5.080979,
                36.450565
              ],
              [
                -5.176942,
                36.41427
              ],
              [
                -5.220041,
                36.375407
              ],
              [
                -5.248008,
                36.310423
              ],
              [
                -5.27783,
                36.337123
              ],
              [
                -5.320085,
                36.325071
              ],
              [
                -5.347157,
                36.418647
              ],
              [
                -5.42962,
                36.533339
              ],
              [
                -5.492395,
                36.536469
              ],
              [
                -5.52425,
                36.497712
              ],
              [
                -5.60829,
                36.512289
              ],
              [
                -5.604171,
                36.548924
              ],
              [
                -5.523325,
                36.531123
              ],
              [
                -5.460816,
                36.588784
              ],
              [
                -5.455914,
                36.619583
              ],
              [
                -5.380718,
                36.631781
              ],
              [
                -5.324029,
                36.673341
              ],
              [
                -5.324626,
                36.724009
              ],
              [
                -5.290935,
                36.77517
              ],
              [
                -5.319819,
                36.786732
              ],
              [
                -5.340714,
                36.819418
              ],
              [
                -5.301583,
                36.869643
              ],
              [
                -5.269776,
                36.884215
              ],
              [
                -5.172264,
                36.823507
              ],
              [
                -5.133292,
                36.839102
              ],
              [
                -5.105079,
                36.897936
              ],
              [
                -5.086769,
                36.905091
              ],
              [
                -5.110115,
                36.959332
              ],
              [
                -5.095581,
                36.968295
              ],
              [
                -5.142314,
                37.005828
              ],
              [
                -5.120749,
                37.028468
              ],
              [
                -5.053089,
                37.030604
              ],
              [
                -4.908368,
                37.11465
              ],
              [
                -4.903311,
                37.138786
              ],
              [
                -4.942665,
                37.157588
              ],
              [
                -4.939603,
                37.175699
              ],
              [
                -4.905113,
                37.181865
              ],
              [
                -4.897618,
                37.156029
              ],
              [
                -4.8755,
                37.158193
              ],
              [
                -4.853864,
                37.198585
              ],
              [
                -4.825906,
                37.200705
              ],
              [
                -4.793706,
                37.153556
              ],
              [
                -4.708606,
                37.197696
              ],
              [
                -4.732308,
                37.226148
              ],
              [
                -4.717945,
                37.239894
              ],
              [
                -4.735745,
                37.244835
              ],
              [
                -4.719691,
                37.259696
              ],
              [
                -4.614192,
                37.255421
              ],
              [
                -4.602299,
                37.209237
              ],
              [
                -4.576208,
                37.209162
              ],
              [
                -4.498077,
                37.223334
              ],
              [
                -4.477553,
                37.244728
              ],
              [
                -4.485723,
                37.251981
              ],
              [
                -4.464144,
                37.252078
              ],
              [
                -4.445001,
                37.277587
              ],
              [
                -4.406576,
                37.27412
              ]
            ]
          ]
        ]
      },
      "properties": {
        "code": "ES-MA",
        "name": "Málaga",
        "ine": "29"
      }
    },
    {
      "type": "Feature",
      "geometry": {
        "type": "MultiPolygon",
        "coordinates": [
          [
            [
              [
                -5.725076,
                38.195777
              ],
              [
                -5.688612,
                38.181877
              ],
              [
                -5.684062,
                38.157978
              ],
              [
                -5.705786,
                38.169382
              ],
              [
                -5.695258,
                38.149712
              ],
              [
                -5.738816,
                38.132819
              ],
              [
                -5.7349,
                38.086255
              ],
              [
                -5.693631,
                38.08374
              ],
              [
                -5.632501,
                38.138557
              ],
              [
                -5.584789,
                38.131706
              ],
              [
                -5.495125,
                38.041844
              ],
              [
                -5.493153,
                37.99576
              ],
              [
                -5.415611,
                37.943674
              ],
              [
                -5.414709,
                37.869461
              ],
              [
                -5.339317,
                37.833009
              ],
              [
                -5.350044,
                37.794714
              ],
              [
                -5.310035,
                37.77423
              ],
              [
                -5.307065,
                37.70016
              ],
              [
                -5.327099,
                37.69162
              ],
              [
                -5.344837,
                37.705344
              ],
              [
                -5.376343,
                37.677562
              ],
              [
                -5.389077,
                37.697778
              ],
              [
                -5.414201,
                37.674459
              ],
              [
                -5.393599,
                37.656018
              ],
              [
                -5.414016,
                37.645275
              ],
              [
                -5.359933,
                37.605448
              ],
              [
                -5.357958,
                37.584843
              ],
              [
                -5.176768,
                37.680577
              ],
              [
                -5.150054,
                37.660917
              ],
              [
                -5.10792,
                37.662578
              ],
              [
                -5.12971,
                37.698747
              ],
              [
                -5.108612,
                37.700667
              ],
              [
                -5.097878,
                37.670291
              ],
              [
                -5.069878,
                37.65935
              ],
              [
                -5.091506,
                37.679948
              ],
              [
                -5.072582,
                37.707695
              ],
              [
                -5.047227,
                37.718294
              ],
              [
                -4.999821,
                37.70659
              ],
              [
                -4.953766,
                37.652443
              ],
              [
                -4.974282,
                37.600157
              ],
              [
                -4.931707,
                37.617326
              ],
              [
                -4.932025,
                37.545909
              ],
              [
                -4.948935,
                37.521947
              ],
              [
                -4.90602,
                37.499837
              ],
              [
                -4.915201,
                37.48416
              ],
              [
                -4.904468,
                37.489489
              ],
              [
                -4.904089,
                37.467405
              ],
              [
                -4.875342,
                37.450453
              ],
              [
                -4.88474,
                37.437983
              ],
              [
                -4.840635,
                37.436019
              ],
              [
                -4.84981,
                37.410659
              ],
              [
                -4.814688,
                37.377532
              ],
              [
                -4.822126,
                37.358195
              ],
              [
                -4.782224,
                37.328502
              ],
              [
                -4.729224,
                37.335327
              ],
              [
                -4.718667,
                37.358499
              ],
              [
                -4.685656,
                37.330268
              ],
              [
                -4.671179,
                37.334493
              ],
              [
                -4.668439,
                37.319805
              ],
              [
                -4.68407,
                37.315357
              ],
              [
                -4.660614,
                37.294445
              ],
              [
                -4.67525,
                37.301783
              ],
              [
                -4.681092,
                37.290046
              ],
              [
                -4.662116,
                37.283744
              ],
              [
                -4.65335,
                37.255828
              ],
              [
                -4.730035,
                37.253462
              ],
              [
                -4.735745,
                37.244835
              ],
              [
                -4.717945,
                37.239894
              ],
              [
                -4.727209,
                37.211108
              ],
              [
                -4.708606,
                37.197696
              ],
              [
                -4.792632,
                37.153851
              ],
              [
                -4.825906,
                37.200705
              ],
              [
                -4.853864,
                37.198585
              ],
              [
                -4.8755,
                37.158193
              ],
              [
                -4.897618,
                37.156029
              ],
              [
                -4.905113,
                37.181865
              ],
              [
                -4.939603,
                37.175699
              ],
              [
                -4.942665,
                37.157588
              ],
              [
                -4.903311,
                37.138786
              ],
              [
                -4.908368,
                37.11465
              ],
              [
                -5.053089,
                37.030604
              ],
              [
                -5.12284,
                37.027691
              ],
              [
                -5.162637,
                36.981423
              ],
              [
                -5.2259,
                36.941843
              ],
              [
                -5.300224,
                37.013742
              ],
              [
                -5.302105,
                37.037363
              ],
              [
                -5.392391,
                36.973284
              ],
              [
                -5.412849,
                36.940661
              ],
              [
                -5.43895,
                36.935288
              ],
              [
                -5.460287,
                36.975303
              ],
              [
                -5.420108,
                37.013214
              ],
              [
                -5.433688,
                37.052445
              ],
              [
                -5.510986,
                37.033603
              ],
              [
                -5.469732,
                36.983948
              ],
              [
                -5.546116,
                36.930182
              ],
              [
                -5.533822,
                36.89345
              ],
              [
                -5.583404,
                36.915092
              ],
              [
                -5.587108,
                36.947013
              ],
              [
                -5.618088,
                36.940161
              ],
              [
                -5.667567,
                36.97599
              ],
              [
                -5.713768,
                36.920386
              ],
              [
                -5.845508,
                36.915212
              ],
              [
                -5.87652,
                36.894711
              ],
              [
                -5.891055,
                36.842192
              ],
              [
                -6.104447,
                36.857256
              ],
              [
                -6.156153,
                36.885649
              ],
              [
                -6.253793,
                36.893907
              ],
              [
                -6.278289,
                36.910848
              ],
              [
                -6.331009,
                36.898803
              ],
              [
                -6.378893,
                36.934706
              ],
              [
                -6.353943,
                36.988492
              ],
              [
                -6.386387,
                37.074434
              ],
              [
                -6.34236,
                37.122977
              ],
              [
                -6.359674,
                37.138426
              ],
              [
                -6.336117,
                37.169617
              ],
              [
                -6.350561,
                37.180562
              ],
              [
                -6.345245,
                37.218283
              ],
              [
                -6.359846,
                37.238096
              ],
              [
                -6.333,
                37.299104
              ],
              [
                -6.384571,
                37.337489
              ],
              [
                -6.346038,
                37.365732
              ],
              [
                -6.36208,
                37.375881
              ],
              [
                -6.356259,
                37.412166
              ],
              [
                -6.312632,
                37.418722
              ],
              [
                -6.306054,
                37.433015
              ],
              [
                -6.356184,
                37.496173
              ],
              [
                -6.366478,
                37.535757
              ],
              [
                -6.392401,
                37.554051
              ],
              [
                -6.395257,
                37.611187
              ],
              [
                -6.443271,
                37.623354
              ],
              [
                -6.528622,
                37.615795
              ],
              [
                -6.536089,
                37.650976
              ],
              [
                -6.501342,
                37.667959
              ],
              [
                -6.475123,
                37.725141
              ],
              [
                -6.449994,
                37.718898
              ],
              [
                -6.311022,
                37.764869
              ],
              [
                -6.252318,
                37.763145
              ],
              [
                -6.252424,
                37.74278
              ],
              [
                -6.222234,
                37.739655
              ],
              [
                -6.202397,
                37.805534
              ],
              [
                -6.134016,
                37.787832
              ],
              [
                -6.12166,
                37.816595
              ],
              [
                -6.14216,
                37.855674
              ],
              [
                -6.164294,
                37.86201
              ],
              [
                -6.124902,
                37.904417
              ],
              [
                -6.145213,
                37.920498
              ],
              [
                -6.174994,
                37.915094
              ],
              [
                -6.184066,
                37.928994
              ],
              [
                -6.167815,
                37.955822
              ],
              [
                -6.051709,
                37.996842
              ],
              [
                -5.953688,
                37.995346
              ],
              [
                -5.934224,
                38.046875
              ],
              [
                -5.908982,
                38.062846
              ],
              [
                -5.926378,
                38.105013
              ],
              [
                -5.880665,
                38.132281
              ],
              [
                -5.874684,
                38.15834
              ],
              [
                -5.725076,
                38.195777
              ]
            ],
            [
              [
                -5.025996,
                37.599569
              ],
              [
                -5.031191,
                37.641521
              ],
              [
                -5.046795,
                37.631942
              ],
              [
                -5.084322,
                37.648083
              ],
              [
                -5.040405,
                37.626195
              ],
              [
                -5.04791,
                37.60814
              ],
              [
                -5.031007,
                37.610604
              ],
              [
                -5.026597,
                37.595422
              ],
              [
                -5.017785,
                37.592464
              ],
              [
                -5.025996,
                37.599569
              ]
            ]
          ]
        ]
      },
      "properties": {
        "code": "ES-SE",
        "name": "Sevilla",
        "ine": "41"
      }
    }
  ]
}